217;leaks_charlele;Impossible
231;melvil.zmr;Impossible
354;adam_._.pvv;Impossible
489;aymeric_cdr;Impossible
577;hadrien_leulliot;Impossible
628;adrien_hcb;Impossible
769;mona.brl;Impossible
809;brasconcombremou;Impossible
823;miss_xrui;Impossible
824;zoelrd;Impossible
825;arthurgillet;Impossible
826;mimi_tns_;Impossible
827;a.l_vn;Impossible
828;saul_njr;Impossible
850;je_te_vois04;Impossible
851;aliciacrystale;Impossible
854;lucas_lpb;Impossible
855;crush_henri4;Impossible
856;carla_marquez__;Impossible
857;charlelegossip;Impossible
858;meven.chr;Impossible
868;m.u.s.es;Impossible
870;inespresssoo;Impossible
871;_orion_sp;Impossible
872;blanche._.lcy;Impossible
873;lnxx_209;Impossible
874;tes_races;Impossible
875;merlin_lem;Impossible
876;clem300703;Impossible
878;bonolch;Impossible
879;nyantemaramaherison;Impossible
882;nawer75;Impossible
883;anis_tchr;Impossible
884;helena.jjx;Impossible
885;bayadesplages;Impossible
886;luchamia;Impossible
888;maryl1_57;Impossible
889;antalkiewalkiie;Impossible
890;crushhenri4;Impossible
891;andrea.cmds;Impossible
892;sondagenligne;Impossible
893;gomargotbarbe;Impossible
894;hannahchn;Impossible
895;serine.nhl;Impossible
896;noa._jrn;Impossible
898;f_huang_;Impossible
899;ineslouglayal;Impossible
911;teammauritanie93;Impossible
926;mariepme;Impossible
969;jeanne_astrie;Impossible
970;balthazar_fatomeimp;Impossible
971;baptiste.arg;Impossible
973;kza.f;Impossible
974;abdelhak_ikh;Impossible
975;comptedestolkageduturfu;Impossible
976;crush92i;Impossible
985;dersimlvn;Impossible
994;12344567836a;Impossible
1001;123linda1999;Impossible
1026;louuuu_riel;Impossible
