22;ele.cha;Impossible
25;gael._.__.x;Impossible
26;shalechatduchat;Impossible
28;elma.lbd;Impossible
29;nadaa._h;Impossible
31;iwn_cle;Impossible
36;_.bo.ti._;Impossible
37;kaloyann.trz;Impossible
38;ptombal;Impossible
39;miachetrit;Impossible
40;isee_17.10;Impossible
50;mariajetaime;Impossible
52;gaby_.rp;Impossible
55;lola_deh;Impossible
56;margauxbeprive;Impossible
57;maiabck;Impossible
58;jermie.sly;Impossible
59;radwolfo;Impossible
61;adele_drts;Impossible
100;compo_2020;Impossible
101;p.a.n.d.0.r.e;Impossible
102;zcai_23;Impossible
104;matthieuvalet;Impossible
105;charlie_eghnatios;Impossible
106;elie_sbn;Impossible
108;carlyraejepsan6;Impossible
109;popoledauphin;Impossible
174;lud_sk;Impossible
175;yuko_bdch;Impossible
176;_mamoux_;Impossible
178;leono_re;Impossible
179;jotch13;Impossible
180;arnaud.cdrt;Impossible
181;constantpelle;Impossible
182;swann_arm;Impossible
183;vallybeyssier;Impossible
185;maryem.essa;Impossible
186;ph__0enix;Impossible
189;jojo3.55;Impossible
191;mattfaiz_;Impossible
192;_ulysse.dnb_;Impossible
194;luna.mllt;Impossible
196;loouuwww;Impossible
197;chen.coralie;Impossible
198;julie_hp_;Impossible
199;julia.arck;Impossible
201;elena.mtssd;Impossible
202;camille_casa;Impossible
203;leaks_charlele;Impossible
204;lou.ana__;Impossible
205;paulaalegria_;Impossible
206;wlcmeinmywrld;Impossible
207;0wen__disquette__2963;Impossible
208;raphael_rpprt;Impossible
215;areslaine.2004;Impossible
217;melvil.zmr;Impossible
218;jihanels;Impossible
219;by_ranya_;Impossible
247;clara.chazel;Impossible
248;yannis.nuzz;Impossible
249;uvncnt;Impossible
250;gg.mtvr;Impossible
251;piline_loupe;Impossible
253;pika_chan17;Impossible
254;qarnit_mehdi;Impossible
255;_dragicorn_;Impossible
263;jak2lacompta;Impossible
264;seconde_un;Impossible
265;tete_le_feu;Impossible
269;thatsmypoop;Impossible
271;margauxtrnt;Impossible
272;athe_gdu;Impossible
273;marakech_deco_boho;Impossible
285;lena.bnr_;Impossible
288;nikeruh_tameru;Impossible
291;noedelansorme;Impossible
292;ejllrd;Impossible
293;annette_gcl;Impossible
318;elias_beyb;Impossible
321;le_stalker__;Impossible
322;alexisgodelier;Impossible
323;emilie_gpc;Impossible
324;valentine.haha;Impossible
326;specialites.charle;Impossible
327;bkelea;Impossible
330;_justthia;Impossible
333;raph.dck;Impossible
345;just.by.anonymous;Impossible
346;sagesseloulembo;Impossible
347;tsitsipas_jak;Impossible
348;la_best_de_la_mort;Impossible
349;isid00re;Impossible
350;paul.rouge82;Impossible
352;aliice_yin;Impossible
353;yohan.li03;Impossible
354;zelf_leonie;Impossible
355;nathan.gdg;Impossible
357;l.saraceno;Impossible
358;luciusdomitius_aenobarbus_nero;Impossible
359;thaislepainis;Impossible
360;poyokenzo;Impossible
361;capu_gbrt;Impossible
364;nirenjena;Impossible
366;starterpackcharlemagne;Impossible
367;tomysouto;Impossible
369;phonart_comm;Impossible
370;dannko._;Impossible
373;arsene.lapostolet;Impossible
374;aalya.ly;Impossible
375;lila.mcqt;Impossible
376;tsighe_vpl;Impossible
377;aymard_ju;Impossible
380;liza.bouide;Impossible
381;lovely.rqt;Impossible
382;etudiantenvironnement;Impossible
383;micaeldjimbi900;Impossible
385;bvtmarion;Impossible
386;louiseama_;Impossible
387;radoubzoug;Impossible
390;snrard;Impossible
392;sushiatomique;Impossible
393;oliv.lom;Impossible
394;lyceehenri4_cvl;Impossible
397;belkarpz;Impossible
400;reubeuxlotte;Impossible
401;m77777ya;Impossible
403;sohani_mnp;Impossible
404;sheshe_rawali;Impossible
428;_phrito;Impossible
430;vince_b444;Impossible
433;louuuu_riel;Impossible
434;zero.faute.paris;Impossible
437;ryan_crac;Impossible
438;jeanpaul_abj;Impossible
444;selfiescharlele;Impossible
445;2nd4.classedebaises;Impossible
446;____momai____;Impossible
447;ilyan_moussouni;Impossible
450;b_aminata_;Impossible
451;quisuisje_charlemagne;Impossible
452;mobilisation_charlemagne;Impossible
458;robin_drc;Impossible
459;chloeteisserenc;Impossible
460;inactif.follow.elinamyks;Impossible
461;ambre_dql;Impossible
462;asla.ynsv;Impossible
463;leay.z;Impossible
464;_loutoro_;Impossible
465;atelierdepaname;Impossible
466;mar_bdj;Impossible
470;mitchimine;Impossible
471;cb_cg_wwhs;Impossible
472;thomasjoseph63;Impossible
473;hichemben2_;Impossible
474;d2lores;Impossible
475;isaac_bandaogo;Impossible
476;agathethx;Impossible
477;aymeric_cdr;Impossible
478;znelodie;Impossible
479;s.o.s_abu;Impossible
481;julien.mrci;Impossible
482;lisekts;Impossible
483;lou1z.m;Impossible
484;ethanztn11;Impossible
485;shanael___;Impossible
486;2nd1_officiel;Impossible
487;_lou_ph;Impossible
488;zoeegrd;Impossible
489;stevenyve;Impossible
490;clementinepeluche;Impossible
492;victorvallet_;Impossible
493;mile.dcr;Impossible
494;gwenn_lbr;Impossible
496;victor_chpe;Impossible
497;2nd4_officiel;Impossible
498;hippolyte_pe;Impossible
499;matias.crv;Impossible
500;rayan_ain;Impossible
501;celeste_mgn;Impossible
509;deniduman;Impossible
510;le._stalker;Impossible
511;zhengxulili;Impossible
537;ethel_hk;Impossible
538;abdel_abdelnaby;Impossible
540;mathilde_ox;Impossible
542;darius.ag;Impossible
543;crush_charlemagne;Impossible
544;loevenn.gtr;Impossible
547;mkzpr0;Impossible
548;starterpack.charlele;Impossible
550;balthazarmrt;Impossible
551;cyrin_e;Impossible
553;alxxoooo;Impossible
554;alxhsm;Impossible
559;ajayprobst;Impossible
560;asia.devismes;Impossible
561;yeet.the.rich;Impossible
562;eya_brg;Impossible
565;hadrien_leulliot;Impossible
608;leotheyzyd;Impossible
613;rayan_brkt;Impossible
614;adib_tns;Impossible
615;mia.madreee;Impossible
616;adrien_hcb;Impossible
617;dboyneoz;Impossible
619;noe_ton_pere;Impossible
620;kazioufeuille;Impossible
621;nyrf__;Impossible
624;1988roy;Impossible
625;ac.chanh;Impossible
626;inous_bhk;Impossible
627;mathieu_bermudez;Impossible
628;bi_lili;Impossible
629;chnjln;Impossible
630;sarah28_brn;Impossible
631;selmaabaalache;Impossible
632;_.chloekaren;Impossible
633;vhgfdsetuopkvcdh;Impossible
634;chiara.flrd;Impossible
635;come.sclm;Impossible
636;kalouwmko;Impossible
637;maxou_hby;Impossible
638;saraaah_pvs;Impossible
641;thomasmendessss;Impossible
646;lechintok19;Impossible
647;osko_lru;Impossible
648;batisterebotier;Impossible
649;zac_hgge;Impossible
650;unmecauchapeau;Impossible
651;tess_selmane;Impossible
652;flobonafous;Impossible
653;lalgerienneil;Impossible
655;thomsmrl;Impossible
656;antoine_m_thm786;Impossible
657;alicebrcx;Impossible
658;_mvjin_;Impossible
659;fanny_giannotti;Impossible
660;hippo_bd;Impossible
661;jojosbizarradventure;Impossible
664;rayanebenalaya;Impossible
667;confesscharlemagne;Impossible
668;gz_antoine;Impossible
675;marcoml45;Impossible
676;stephaniie_hg;Impossible
677;still_english_;Impossible
680;74_juju_10;Impossible
681;paulo_dnch;Impossible
683;sacha.bgrn;Impossible
685;sebastien682;Impossible
686;sebastien_mne_;Impossible
692;gautier_mangia;Impossible
693;nyssa2002;Impossible
695;nicolas_cmdr;Impossible
696;clowwye;Impossible
697;mademoiselle_floriane_13;Impossible
708;yazane.del;Impossible
709;celinechen12;Impossible
710;jul0_brt;Impossible
711;abeletlesjacinthes;Impossible
712;zbeulcomite;Impossible
714;du_sylv1;Impossible
715;liistitch;Impossible
717;sisilamalice_75;Impossible
718;lounaagb;Impossible
719;a.sepulvedadedietrich;Impossible
723;mamabhdl;Impossible
724;richsneaks;Impossible
726;candice_mytl;Impossible
727;rachorah;Impossible
729;irbislaurent;Impossible
733;tasse_w;Impossible
735;animes.stories;Impossible
736;na.moth;Impossible
737;__anook__;Impossible
738;anouchkapetit;Impossible
739;garancearif;Impossible
740;gabin_vila;Impossible
742;terre_orange;Impossible
743;emmanuelle_dbt;Impossible
744;antolcr;Impossible
745;jack.line_yng;Impossible
746;zahb42;Impossible
749;mimille_maindon;Impossible
750;yazidnbh;Impossible
751;hannaaakjm;Impossible
752;nelly.hng;Impossible
754;iamjustafanofmusic;Impossible
755;zoelie.jlt;Impossible
756;kltbd;Impossible
758;saguidi_k;Impossible
759;mona.brl;Impossible
760;still.ju.crt;Impossible
762;vincentgardies;Impossible
764;tny_2112;Impossible
765;jujujulesmariot;Impossible
766;nareik_32;Impossible
768;olivialaveau;Impossible
769;eliottmace;Impossible
770;lucielekiwiii;Impossible
771;aprilmaijuin;Impossible
772;felixconnan;Impossible
773;quynh.quynh26;Impossible
774;anoukenos;Impossible
775;martoun.exe;Impossible
777;la_flemme_putain;Impossible
778;brnd.lili;Impossible
779;chachou.ptitjean;Impossible
780;team_othee75;Impossible
781;laravrdr;Impossible
782;anadbr;Impossible
783;jajux._;Impossible
784;co.o.linee;Impossible
785;nem.max;Impossible
786;mystxricblue_;Impossible
787;aliceparv;Impossible
788;75.frxnzz;Impossible
789;marie_drk;Impossible
790;l.g.e.007;Impossible
791;liza_gls;Impossible
792;kaerissh;Impossible
793;juliettebilrd;Impossible
794;simone22_01;Impossible
796;bcdeva;Impossible
797;_tuliipe_;Impossible
798;jules.slc;Impossible
800;brasconcombremou;Impossible
802;bapt1984;Impossible
803;parisnextup;Impossible
807;slimane.19;Impossible
808;qxchen_1406;Impossible
811;bebzoudromadaire;Impossible
812;julia_brnt;Impossible
813;inesrisp;Impossible
814;miss_xrui;Impossible
815;emln.m;Impossible
816;zoelrd;Impossible
817;arthurgillet;Impossible
818;mimi_tns_;Impossible
819;a.l_vn;Impossible
820;saul_njr;Impossible
822;victor_lchapo;Impossible
823;rich_askip;Impossible
824;ahmed.sdd_;Impossible
825;mehdi_chtourou;Impossible
826;mehd.att;Impossible
827;emile.grl;Impossible
828;alex_and_his_life;Impossible
829;aietiteal;Impossible
832;eluslyceenscavlparis;Impossible
833;starterpack.charlele;Impossible
834;baddiescharlemagne;Impossible
835;crush_charlemagne;Impossible
