1;julian_prlt;Impossible
6;chlmine;Impossible
7;mello.detective;Impossible
8;hanaskai;Impossible
9;rayen14_;Impossible
10;cvl2020.2021charlemagne;Impossible
13;nesrina_iwas;Impossible
14;tcmadrienne;Impossible
15;alex75blv;Impossible
217;leaks_charlele;Impossible
231;melvil.zmr;Impossible
232;jihanels;Impossible
233;by_ranya_;Impossible
354;adam_._.pvv;Impossible
390;aymard_ju;Impossible
446;zero.faute.paris;Impossible
450;jeanpaul_abj;Impossible
456;selfiescharlele;Impossible
457;2nd4.classedebaises;Impossible
458;____momai____;Impossible
459;ilyan_moussouni;Impossible
462;b_aminata_;Impossible
463;quisuisje_charlemagne;Impossible
464;mobilisation_charlemagne;Impossible
470;robin_drc;Impossible
471;chloeteisserenc;Impossible
483;cb_cg_wwhs;Impossible
484;thomasjoseph63;Impossible
485;hichemben2_;Impossible
486;d2lores;Impossible
487;isaac_bandaogo;Impossible
488;agathethx;Impossible
489;aymeric_cdr;Impossible
511;matias.crv;Impossible
512;rayan_ain;Impossible
513;celeste_mgn;Impossible
521;deniduman;Impossible
522;le._stalker;Impossible
523;zhengxulili;Impossible
549;ethel_hk;Impossible
550;abdel_abdelnaby;Impossible
555;crush_charlemagne;Impossible
556;loevenn.gtr;Impossible
559;mkzpr0;Impossible
560;starterpack.charlele;Impossible
562;balthazarmrt;Impossible
563;cyrin_e;Impossible
565;alxxoooo;Impossible
566;alxhsm;Impossible
571;ajayprobst;Impossible
572;asia.devismes;Impossible
573;yeet.the.rich;Impossible
574;eya_brg;Impossible
577;hadrien_leulliot;Impossible
620;leotheyzyd;Impossible
626;adib_tns;Impossible
628;adrien_hcb;Impossible
629;dboyneoz;Impossible
631;noe_ton_pere;Impossible
632;kazioufeuille;Impossible
633;nyrf__;Impossible
636;1988roy;Impossible
637;ac.chanh;Impossible
638;inous_bhk;Impossible
639;mathieu_bermudez;Impossible
645;vhgfdsetuopkvcdh;Impossible
646;chiara.flrd;Impossible
647;come.sclm;Impossible
648;kalouwmko;Impossible
649;maxou_hby;Impossible
650;saraaah_pvs;Impossible
653;thomasmendessss;Impossible
658;lechintok19;Impossible
659;osko_lru;Impossible
660;batisterebotier;Impossible
661;zac_hgge;Impossible
662;unmecauchapeau;Impossible
663;flobonafous;Impossible
664;lalgerienneil;Impossible
666;thomsmrl;Impossible
667;antoine_m_thm786;Impossible
670;fanny_giannotti;Impossible
671;hippo_bd;Impossible
678;confesscharlemagne;Impossible
679;gz_antoine;Impossible
686;marcoml45;Impossible
687;stephaniie_hg;Impossible
688;still_english_;Impossible
691;74_juju_10;Impossible
692;paulo_dnch;Impossible
694;sacha.bgrn;Impossible
696;sebastien682;Impossible
697;sebastien_mne_;Impossible
703;gautier_mangia;Impossible
704;nyssa2002;Impossible
706;nicolas_cmdr;Impossible
708;mademoiselle_floriane_13;Impossible
713;baddiescharlemagne;Impossible
719;yazane.del;Impossible
720;celinechen12;Impossible
721;jul0_brt;Impossible
722;abeletlesjacinthes;Impossible
723;zbeulcomite;Impossible
728;sisilamalice_75;Impossible
729;lounaagb;Impossible
730;a.sepulvedadedietrich;Impossible
734;mamabhdl;Impossible
735;richsneaks;Impossible
737;candice_mytl;Impossible
738;rachorah;Impossible
740;irbislaurent;Impossible
744;tasse_w;Impossible
746;animes.stories;Impossible
747;na.moth;Impossible
748;__anook__;Impossible
749;anouchkapetit;Impossible
750;garancearif;Impossible
751;gabin_vila;Impossible
753;terre_orange;Impossible
754;emmanuelle_dbt;Impossible
755;antolcr;Impossible
756;jack.line_yng;Impossible
757;zahb42;Impossible
760;mimille_maindon;Impossible
762;hannaaakjm;Impossible
764;iamjustafanofmusic;Impossible
765;zoelie.jlt;Impossible
766;kltbd;Impossible
768;saguidi_k;Impossible
769;mona.brl;Impossible
770;still.ju.crt;Impossible
772;vincentgardies;Impossible
774;tny_2112;Impossible
775;jujujulesmariot;Impossible
776;nareik_32;Impossible
778;olivialaveau;Impossible
779;eliottmace;Impossible
780;lucielekiwiii;Impossible
781;aprilmaijuin;Impossible
782;felixconnan;Impossible
783;quynh.quynh26;Impossible
784;anoukenos;Impossible
785;martoun.exe;Impossible
786;la_flemme_putain;Impossible
787;brnd.lili;Impossible
788;chachou.ptitjean;Impossible
789;team_othee75;Impossible
790;laravrdr;Impossible
791;anadbr;Impossible
792;jajux._;Impossible
793;co.o.linee;Impossible
794;nem.max;Impossible
795;mystxricblue_;Impossible
796;aliceparv;Impossible
797;75.frxnzz;Impossible
798;marie_drk;Impossible
799;l.g.e.007;Impossible
800;liza_gls;Impossible
801;kaerissh;Impossible
802;juliettebilrd;Impossible
803;simone22_01;Impossible
805;bcdeva;Impossible
806;_tuliipe_;Impossible
807;jules.slc;Impossible
809;brasconcombremou;Impossible
811;bapt1984;Impossible
812;parisnextup;Impossible
816;slimane.19;Impossible
817;qxchen_1406;Impossible
820;bebzoudromadaire;Impossible
821;julia_brnt;Impossible
822;inesrisp;Impossible
823;miss_xrui;Impossible
824;zoelrd;Impossible
825;arthurgillet;Impossible
826;mimi_tns_;Impossible
827;a.l_vn;Impossible
828;saul_njr;Impossible
830;victor_lchapo;Impossible
832;ahmed.sdd_;Impossible
833;mehdi_chtourou;Impossible
834;mehd.att;Impossible
835;emile.grl;Impossible
836;alex_and_his_life;Impossible
837;aietiteal;Impossible
838;eluslyceenscavlparis;Impossible
840;sim_gldschld;Impossible
842;__gabrield__;Impossible
843;ivy_vdx;Impossible
844;izia_gr;Impossible
846;vasco.999;Impossible
847;arman_.75;Impossible
850;je_te_vois04;Impossible
851;aliciacrystale;Impossible
854;lucas_lpb;Impossible
855;crush_henri4;Impossible
856;carla_marquez__;Impossible
857;charlelegossip;Impossible
858;meven.chr;Impossible
859;noha_7_;Impossible
860;gabrielchoucroun;Impossible
863;maisquivoislage;Impossible
864;nine_lb;Impossible
865;jeanne.bas.u;Impossible
866;paul.tmn;Impossible
867;l.e.o.p.o.l.d.2;Impossible
868;m.u.s.es;Impossible
870;inespresssoo;Impossible
871;_orion_sp;Impossible
872;blanche._.lcy;Impossible
873;lnxx_209;Impossible
874;tes_races;Impossible
875;merlin_lem;Impossible
876;clem300703;Impossible
878;bonolch;Impossible
879;nyantemaramaherison;Impossible
880;le_plus_rigolow;Impossible
881;dreadwoo_;Impossible
882;nawer75;Impossible
883;anis_tchr;Impossible
884;helena.jjx;Impossible
885;bayadesplages;Impossible
886;luchamia;Impossible
888;maryl1_57;Impossible
889;antalkiewalkiie;Impossible
890;crushhenri4;Impossible
891;andrea.cmds;Impossible
892;sondagenligne;Impossible
893;gomargotbarbe;Impossible
894;hannahchn;Impossible
895;serine.nhl;Impossible
896;noa._jrn;Impossible
898;f_huang_;Impossible
899;ineslouglayal;Impossible
900;valou75056;Impossible
902;jojo.la.fripoui;Impossible
903;lola_o00o;Impossible
904;stupide.humain;Impossible
906;wclothing__;Impossible
907;baptistehgn;Impossible
908;line_d.c;Impossible
909;etienne___kd;Impossible
910;celiacoco123;Impossible
911;teammauritanie93;Impossible
912;lalou.camille;Impossible
913;outfitjeanjaures;Impossible
914;leila.vic44;Impossible
915;mvlikk2;Impossible
916;samjour26;Impossible
918;chloe._.crbd;Impossible
919;ilomoreau;Impossible
920;crushmauriceravel75;Impossible
921;ssola_24;Impossible
922;jeanmarieportal;Impossible
923;princssemx;Impossible
924;fairythaliia;Impossible
925;temple.of.yoan;Impossible
926;mariepme;Impossible
927;jules_catroni;Impossible
929;ro_wow;Impossible
930;meliissa75;Impossible
931;erialctaluos;Impossible
932;ugo_fda;Impossible
933;jan7jules;Impossible
934;lolalssndr;Impossible
935;zx.lina;Impossible
938;stellaboulanger;Impossible
939;emilie_tr26;Impossible
940;pedro.miral;Impossible
941;princia.kr;Impossible
942;stoone.ch;Impossible
943;aaamathis;Impossible
944;paco_cnp;Impossible
945;elfdar_sarah;Impossible
946;simplymatti;Impossible
947;dankardratov;Impossible
948;kimeebip;Impossible
949;kikekisouffreenprepa;Impossible
950;django_75019;Impossible
951;la_clochee;Impossible
952;haizysensei;Impossible
953;edenmeyer.pv;Impossible
955;hugo_210399;Impossible
956;crusharagozoo;Impossible
958;emilie.ine;Impossible
959;baltoupouloulou;Impossible
960;benjamin_ramidou;Impossible
961;plumederisoire;Impossible
962;melki.sallard;Impossible
963;steph_fng;Impossible
964;ismaomr;Impossible
965;paul.jmn;Impossible
966;smile_lilas;Impossible
967;eric_cng;Impossible
968;jessica_du_zoo;Impossible
969;jeanne_astrie;Impossible
970;balthazar_fatomeimp;Impossible
971;baptiste.arg;Impossible
973;kza.f;Impossible
974;abdelhak_ikh;Impossible
975;comptedestolkageduturfu;Impossible
976;crush92i;Impossible
977;eliot_claret_;Impossible
978;lycee_charlemagne;Impossible
980;eliott_hdd;Impossible
982;crush_sur_colbert_zoo75;Impossible
983;ricoleroi;Impossible
984;jenna.lns;Impossible
985;dersimlvn;Impossible
986;carla.bttn;Impossible
987;zeiyoongi;Impossible
988;gamberge;Impossible
991;sussvna;Impossible
993;jade.charlemagne04;Impossible
994;12344567836a;Impossible
995;olympe.lcn;Impossible
996;paul.smith31;Impossible
998;chimiotactisme;Impossible
999;elsaschwartzberg;Impossible
1000;justine.varet;Impossible
1001;123linda1999;Impossible
1002;amy.traore;Impossible
1003;capuland_;Impossible
1004;garance_gl;Impossible
1005;lilganglionlymphatique;Impossible
1006;yasse_nzh;Impossible
1007;judesrez;Impossible
1008;alexmrnde;Impossible
1009;paulinelfloch;Impossible
1010;lisabelleinkurt;Impossible
1011;bahcmoi;Impossible
1012;misszowie;Impossible
1013;nicz_mas;Impossible
1014;e.krim;Impossible
1015;ledav2luxe;Impossible
1016;baddies.charlemagne;Impossible
1017;vnvisbr;Impossible
1018;crushsophiegermain;Impossible
1019;larebellionculturelle;Impossible
1025;bvtmarion;Impossible
1026;louuuu_riel;Impossible
1027;nelly.hng;Impossible
1028;emln.m;Impossible
