58;jermie.sly;Impossible
59;radwolfo;Impossible
61;adele_drts;Impossible
100;compo_2020;Impossible
101;p.a.n.d.0.r.e;Impossible
176;_mamoux_;Impossible
178;leono_re;Impossible
179;jotch13;Impossible
180;arnaud.cdrt;Impossible
181;constantpelle;Impossible
182;swann_arm;Impossible
183;vallybeyssier;Impossible
185;maryem.essa;Impossible
186;ph__0enix;Impossible
189;jojo3.55;Impossible
191;mattfaiz_;Impossible
192;_ulysse.dnb_;Impossible
194;luna.mllt;Impossible
201;elena.mtssd;Impossible
203;leaks_charlele;Impossible
206;wlcmeinmywrld;Impossible
207;0wen__disquette__2963;Impossible
208;raphael_rpprt;Impossible
215;areslaine.2004;Impossible
217;melvil.zmr;Impossible
218;jihanels;Impossible
219;by_ranya_;Impossible
247;clara.chazel;Impossible
248;yannis.nuzz;Impossible
249;uvncnt;Impossible
250;gg.mtvr;Impossible
251;piline_loupe;Impossible
253;pika_chan17;Impossible
254;qarnit_mehdi;Impossible
255;_dragicorn_;Impossible
263;jak2lacompta;Impossible
264;seconde_un;Impossible
265;tete_le_feu;Impossible
269;thatsmypoop;Impossible
271;margauxtrnt;Impossible
272;athe_gdu;Impossible
273;marakech_deco_boho;Impossible
285;lena.bnr_;Impossible
326;specialites.charle;Impossible
327;bkelea;Impossible
375;lila.mcqt;Impossible
376;tsighe_vpl;Impossible
377;aymard_ju;Impossible
380;liza.bouide;Impossible
381;lovely.rqt;Impossible
382;etudiantenvironnement;Impossible
383;micaeldjimbi900;Impossible
385;bvtmarion;Impossible
386;louiseama_;Impossible
387;radoubzoug;Impossible
390;snrard;Impossible
392;sushiatomique;Impossible
393;oliv.lom;Impossible
394;lyceehenri4_cvl;Impossible
397;belkarpz;Impossible
400;reubeuxlotte;Impossible
401;m77777ya;Impossible
433;louuuu_riel;Impossible
434;zero.faute.paris;Impossible
437;ryan_crac;Impossible
438;jeanpaul_abj;Impossible
444;selfiescharlele;Impossible
445;2nd4.classedebaises;Impossible
446;____momai____;Impossible
447;ilyan_moussouni;Impossible
450;b_aminata_;Impossible
451;quisuisje_charlemagne;Impossible
452;mobilisation_charlemagne;Impossible
458;robin_drc;Impossible
459;chloeteisserenc;Impossible
471;cb_cg_wwhs;Impossible
472;thomasjoseph63;Impossible
473;hichemben2_;Impossible
474;d2lores;Impossible
475;isaac_bandaogo;Impossible
476;agathethx;Impossible
477;aymeric_cdr;Impossible
499;matias.crv;Impossible
500;rayan_ain;Impossible
501;celeste_mgn;Impossible
509;deniduman;Impossible
510;le._stalker;Impossible
511;zhengxulili;Impossible
537;ethel_hk;Impossible
538;abdel_abdelnaby;Impossible
540;mathilde_ox;Impossible
542;darius.ag;Impossible
543;crush_charlemagne;Impossible
544;loevenn.gtr;Impossible
547;mkzpr0;Impossible
548;starterpack.charlele;Impossible
550;balthazarmrt;Impossible
551;cyrin_e;Impossible
553;alxxoooo;Impossible
554;alxhsm;Impossible
559;ajayprobst;Impossible
560;asia.devismes;Impossible
561;yeet.the.rich;Impossible
562;eya_brg;Impossible
565;hadrien_leulliot;Impossible
608;leotheyzyd;Impossible
613;rayan_brkt;Impossible
614;adib_tns;Impossible
615;mia.madreee;Impossible
616;adrien_hcb;Impossible
617;dboyneoz;Impossible
619;noe_ton_pere;Impossible
620;kazioufeuille;Impossible
621;nyrf__;Impossible
624;1988roy;Impossible
625;ac.chanh;Impossible
626;inous_bhk;Impossible
627;mathieu_bermudez;Impossible
633;vhgfdsetuopkvcdh;Impossible
634;chiara.flrd;Impossible
635;come.sclm;Impossible
636;kalouwmko;Impossible
637;maxou_hby;Impossible
638;saraaah_pvs;Impossible
641;thomasmendessss;Impossible
646;lechintok19;Impossible
647;osko_lru;Impossible
648;batisterebotier;Impossible
649;zac_hgge;Impossible
650;unmecauchapeau;Impossible
651;tess_selmane;Impossible
652;flobonafous;Impossible
653;lalgerienneil;Impossible
655;thomsmrl;Impossible
656;antoine_m_thm786;Impossible
657;alicebrcx;Impossible
658;_mvjin_;Impossible
659;fanny_giannotti;Impossible
660;hippo_bd;Impossible
667;confesscharlemagne;Impossible
668;gz_antoine;Impossible
675;marcoml45;Impossible
676;stephaniie_hg;Impossible
677;still_english_;Impossible
680;74_juju_10;Impossible
681;paulo_dnch;Impossible
683;sacha.bgrn;Impossible
685;sebastien682;Impossible
686;sebastien_mne_;Impossible
692;gautier_mangia;Impossible
693;nyssa2002;Impossible
695;nicolas_cmdr;Impossible
696;clowwye;Impossible
697;mademoiselle_floriane_13;Impossible
702;baddiescharlemagne;Impossible
708;yazane.del;Impossible
709;celinechen12;Impossible
710;jul0_brt;Impossible
711;abeletlesjacinthes;Impossible
712;zbeulcomite;Impossible
717;sisilamalice_75;Impossible
718;lounaagb;Impossible
719;a.sepulvedadedietrich;Impossible
723;mamabhdl;Impossible
724;richsneaks;Impossible
726;candice_mytl;Impossible
727;rachorah;Impossible
729;irbislaurent;Impossible
733;tasse_w;Impossible
735;animes.stories;Impossible
736;na.moth;Impossible
737;__anook__;Impossible
738;anouchkapetit;Impossible
739;garancearif;Impossible
740;gabin_vila;Impossible
742;terre_orange;Impossible
743;emmanuelle_dbt;Impossible
744;antolcr;Impossible
745;jack.line_yng;Impossible
746;zahb42;Impossible
749;mimille_maindon;Impossible
751;hannaaakjm;Impossible
752;nelly.hng;Impossible
754;iamjustafanofmusic;Impossible
755;zoelie.jlt;Impossible
756;kltbd;Impossible
758;saguidi_k;Impossible
759;mona.brl;Impossible
760;still.ju.crt;Impossible
762;vincentgardies;Impossible
764;tny_2112;Impossible
765;jujujulesmariot;Impossible
766;nareik_32;Impossible
768;olivialaveau;Impossible
769;eliottmace;Impossible
770;lucielekiwiii;Impossible
771;aprilmaijuin;Impossible
772;felixconnan;Impossible
773;quynh.quynh26;Impossible
774;anoukenos;Impossible
775;martoun.exe;Impossible
777;la_flemme_putain;Impossible
778;brnd.lili;Impossible
779;chachou.ptitjean;Impossible
780;team_othee75;Impossible
781;laravrdr;Impossible
782;anadbr;Impossible
783;jajux._;Impossible
784;co.o.linee;Impossible
785;nem.max;Impossible
786;mystxricblue_;Impossible
787;aliceparv;Impossible
788;75.frxnzz;Impossible
789;marie_drk;Impossible
790;l.g.e.007;Impossible
791;liza_gls;Impossible
792;kaerissh;Impossible
793;juliettebilrd;Impossible
794;simone22_01;Impossible
796;bcdeva;Impossible
797;_tuliipe_;Impossible
798;jules.slc;Impossible
800;brasconcombremou;Impossible
802;bapt1984;Impossible
803;parisnextup;Impossible
807;slimane.19;Impossible
808;qxchen_1406;Impossible
811;bebzoudromadaire;Impossible
812;julia_brnt;Impossible
813;inesrisp;Impossible
814;miss_xrui;Impossible
815;emln.m;Impossible
816;zoelrd;Impossible
817;arthurgillet;Impossible
818;mimi_tns_;Impossible
819;a.l_vn;Impossible
820;saul_njr;Impossible
822;victor_lchapo;Impossible
823;rich_askip;Impossible
824;ahmed.sdd_;Impossible
825;mehdi_chtourou;Impossible
826;mehd.att;Impossible
827;emile.grl;Impossible
828;alex_and_his_life;Impossible
829;aietiteal;Impossible
830;eluslyceenscavlparis;Impossible
